{
  "sensorsLatList": [-23.588826342902333],
  "sensorLonList": [-46.682215230240686]
}